{
  "total_properties": 315,
  "processing_time_seconds": 0.7,
  "area_range": [
    50.100404916267095,
    2489.696455189179
  ],
  "distance_range": [
    104.96795482896982,
    383.7766378413664
  ],
  "bounds": [
    151.47939866800004,
    -33.02108739499994,
    153.01669691000006,
    -30.46503181099996
  ]
}